Item Name,Description,Price
IDOM 54 Rojava,The Rojava Revolution,10.0
IDOM 53 Latin America,Latin America - The Unfinished Revolution,10.0
IDOM 52 Sudan,Sudan from Revolution to Barbarism,10.0
IDOM 51 Permanent Revol,The Permanent Revolution,10.0
IDOM 50 Reform or Rev,Reform or Revolution?,10.0
IDOM 49 1945 ... Betrayal,1945 Liberation Revolution and Betrayal,10.0
IDOM 48 Science ... revolution,Science Progress crisis and revolution,10.0
IDOM 47 The Struggle ... Revolution,The Struggle for World Revolution,10.0
IDOM 46 The Necessity of Art,The Necessity of Art,10.0
IDOM 45 The African Revolution,The African Revolution,10.0
IDOM 44 LENIN LIVES!,LENIN LIVES! 1924-2024,10.0
IDOM 43 Struggle for Communism,The Struggle for Communism,10.0
IDOM 42 The State,The State,10.0