title,rename_to
Communist Revolution Issue,CR
In Defence of Marxism Issue,IDOM
In Defence of Marxism Issue 54,IDOM 54 Rojava
In Defence of Marxism Issue 53,IDOM 53 Latin America
In Defence of Marxism Issue 52,IDOM 52 Sudan
In Defence of Marxism Issue 51,IDOM 51 Permanent Revol
In Defence of Marxism Issue 50,IDOM 50 Reform or Rev
In Defence of Marxism Issue 49,IDOM 49 1945 ... Betrayal
In Defence of Marxism Issue 48,IDOM 48 Science ... revolution
In Defence of Marxism Issue 47,IDOM 47 The Struggle ... Revolution
In Defence of Marxism Issue 46,IDOM 46 The Necessity of Art
In Defence of Marxism Issue 45,IDOM 45 The African Revolution
In Defence of Marxism Issue 44,IDOM 44 LENIN LIVES!
In Defence of Marxism Issue 43,IDOM 43 Struggle for Communism
In Defence of Marxism Issue 42,IDOM 42 The State
