Item Name,Description,Reporting Category,Price,SKU,Sellable,Variation Name,Item Type
IDOM 54 Rojava,The Rojava Revolution,IDOM,10.0,M3521015,Y, ,Physical
IDOM 53 Latin America,Latin America - The Unfinished Revolution,IDOM,10.0,M6722841,Y, ,Physical
IDOM 52 Sudan,Sudan from Revolution to Barbarism,IDOM,10.0,M634132,Y, ,Physical
IDOM 51 Permanent Revol,The Permanent Revolution,IDOM,10.0,M635974,Y, ,Physical
IDOM 50 Reform or Rev,Reform or Revolution?,IDOM,10.0,M4291065,Y, ,Physical
IDOM 49 1945 ... Betrayal,1945 Liberation Revolution and Betrayal,IDOM,10.0,M85004,Y, ,Physical
IDOM 48 Science ... revolution,Science Progress crisis and revolution,IDOM,10.0,M8023158,Y, ,Physical
IDOM 47 The Struggle ... Revolution,The Struggle for World Revolution,IDOM,10.0,M8517628,Y, ,Physical
IDOM 46 The Necessity of Art,The Necessity of Art,IDOM,10.0,M3252702,Y, ,Physical
IDOM 45 The African Revolution,The African Revolution,IDOM,10.0,M5993086,Y, ,Physical
IDOM 44 LENIN LIVES!,LENIN LIVES! 1924-2024,IDOM,10.0,M7299432,Y, ,Physical
IDOM 43 Struggle for Communism,The Struggle for Communism,IDOM,10.0,M8494701,Y, ,Physical
IDOM 42 The State,The State,IDOM,10.0,M5430781,Y, ,Physical
Revolution and  Co...arxist Perspective,Revolution and  Counterrevolution in America: A Marxist Perspective,Books,40.0,M3702075,Y, ,Physical
Venezuelan Revolut...arxist Perspective,Venezuelan Revolution: A Marxist Perspective,Books,30.0,M98755,Y, ,Physical
Ted Grant Collecte...ftermath (1945-46),Ted Grant Collected Writings Vol. 3: The Aftermath (1945-46),Books,45.0,M4554072,Y, ,Physical
What is Marxism?,What is Marxism?,Books,24.0,M9644308,Y, ,Physical
Lessons from the 2...bec Student Strike,Lessons from the 2012 Quebec Student Strike,Books,10.0,M6482397,Y, ,Physical
China's Long March to Capitalism,China's Long March to Capitalism,Books,10.0,M6310634,Y, ,Physical
The Stalin School of Falsification,The Stalin School of Falsification,Books,25.0,M1688072,Y, ,Physical
The Spanish Revolution (1931–39),The Spanish Revolution (1931–39),Books,30.0,M5069493,Y, ,Physical
Ted Grant Collecte... Inferno (1943-45),Ted Grant Collected Writings Vol. 2: The Inferno (1943-45),Books,40.0,M1808063,Y, ,Physical
Ted Grant Collecte...he Spark (1938-43),Ted Grant Collected Writings Vol. 1: The Spark (1938-43),Books,40.0,M6372412,Y, ,Physical
La Question juive ...prétation marxiste,La Question juive : Une interprétation marxiste,Books,24.0,M190821,Y, ,Physical
Histoire de la phi...nt de vue marxiste,Histoire de la philosophie : un point de vue marxiste,Books,25.0,M5562808,Y, ,Physical
Classics of Marxism: Volume 2,Classics of Marxism: Volume 2,Books,24.0,M2983532,Y, ,Physical
L'Origine de la fa...rivée et de l'État,L'Origine de la famille de la propriété privée et de l'État,Books,20.0,M3174410,Y, ,Physical
History of British Trotskyism,History of British Trotskyism,Books,37.0,M2266123,Y, ,Physical
The Communist Mani...iples of Communism,The Communist Manifesto and The Principles of Communism,Books,10.0,M1685485,Y, ,Physical
Classics of Marxism: Volume 1,Classics of Marxism: Volume 1,Books,24.0,M481557,Y, ,Physical
En défense du marxisme,En défense du marxisme,Books,24.0,M7900644,Y, ,Physical
Democracy Bonapart...ggles in the 1930s,Democracy Bonapartism and Fascism: Class Struggles in the 1930s,Books,34.0,M8674985,Y, ,Physical
Marxisme vs Politi...ontre l'oppression,Marxisme vs Politiques identitaires : Comment lutter contre l'oppression,Books,10.0,M2746372,Y, ,Physical
Marx and Engels Co...d Works: Volume 22,Marx and Engels Collected Works: Volume 22,Books,20.0,M5878095,Y, ,Physical
Marx and Engels Se...umes: Volume Three,Marx and Engels Selected Works in Three Volumes: Volume Three,Books,20.0,M5750320,Y, ,Physical
Marx and Engels Se...olumes: Volume Two,Marx and Engels Selected Works in Three Volumes: Volume Two,Books,20.0,M7557911,Y, ,Physical
Lenin Selected Wri... National Question,Lenin Selected Writings vol. 3: on The National Question,Books,34.0,M4383524,Y, ,Physical
Misère de la Philosophie,Misère de la Philosophie,Books,20.0,M7122970,Y, ,Physical
Manuscrits de 1844,Manuscrits de 1844,Books,20.0,M3319015,Y, ,Physical
Les Luttes de classes en France,Les Luttes de classes en France,Books,35.0,M9654907,Y, ,Physical
Works on France Trilogy,Works on France Trilogy,Books,60.0,M3901861,Y, ,Physical
Marxism vs Identit...o fight oppression,Marxism vs Identity Politics: How to fight oppression,Books,10.0,M7504812,Y, ,Physical
Colossus: The Rise... of US Imperialism,Colossus: The Rise and Decline of US Imperialism,Books,28.0,M8850833,Y, ,Physical
Lenin Selected Wri...evolutions of 1917,Lenin Selected Writings vol. 2: the Revolutions of 1917,Books,34.0,M5560719,Y, ,Physical
Que faire?,Que faire?,Books,15.0,M8586027,Y, ,Physical
Lenin Selected Wri...on Imperialist War,Lenin Selected Writings vol. 1: on Imperialist War,Books,34.0,M8764462,Y, ,Physical
Empiricism and its Evolution,Empiricism and its Evolution,Books,20.0,M6416168,Y, ,Physical
Peasant War in Germany,Peasant War in Germany,Books,20.0,M2326,Y, ,Physical
Two Tactics of Social Democracy,Two Tactics of Social Democracy,Books,10.0,M9606370,Y, ,Physical
Left-Wing Communis...Infantile Disorder,Left-Wing Communism: An Infantile Disorder,Books,21.0,M4105695,Y, ,Physical
1917 - La révolution russe,1917 - La révolution russe,Books,10.0,M5656447,Y, ,Physical
In Defence of Lenin,In Defence of Lenin,Books,60.0,M174692,Y, ,Physical
Not Guilty: The Dewey Commission Report,Not Guilty: The Dewey Commission Report,Books,30.0,M9348520,Y, ,Physical
Class Struggle in the Roman Republic,Class Struggle in the Roman Republic,Books,33.0,M2378754,Y, ,Physical
Trotsky's Writings on Britain,Trotsky's Writings on Britain,Books,60.0,M3153320,Y, ,Physical
Women Family and the Russian Revolution,Women Family and the Russian Revolution,Books,38.0,M3291750,Y, ,Physical
Women and the Family,Women and the Family,Books,19.0,M9476842,Y, ,Physical
Works on France II...of Louis Bonaparte,Works on France II: The Eighteenth Brumaire of Louis Bonaparte,Books,23.0,M1064551,Y, ,Physical
Ireland: Republicanism & Revolution,Ireland: Republicanism & Revolution,Books,20.0,M8190341,Y, ,Physical
Vida e Ideas de Karl Marx,Vida e Ideas de Karl Marx,Books,26.0,M476417,Y, ,Physical
El Estado y la Revolución,El Estado y la Revolución,Books,13.0,M9135337,Y, ,Physical
Anarquismo y Comunismo,Anarquismo y Comunismo,Books,13.0,M1297171,Y, ,Physical
Manifiesto del Partido Communista,Manifiesto del Partido Communista,Books,13.0,M3193653,Y, ,Physical
Struggle Against Fascism in Germany,Struggle Against Fascism in Germany,Books,40.0,M3268006,Y, ,Physical
Leon Trotsky on France,Leon Trotsky on France,Books,30.0,M5469166,Y, ,Physical
Their Morals and Ours,Their Morals and Ours,Books,18.0,M8806182,Y, ,Physical
Leon Trotsky on China,Leon Trotsky on China,Books,45.0,M3130750,Y, ,Physical
Balkan Wars: The W...ce of Leon Trotsky,Balkan Wars: The War Correspondence of Leon Trotsky,Books,40.0,M9723267,Y, ,Physical
Anti-Dühring,Anti-Dühring,Books,25.0,M7992829,Y, ,Physical
La maladie infanti...: le « gauchisme »,La maladie infantile du communisme : le « gauchisme »,Books,10.0,M324467,Y, ,Physical
Works on France I:... France: 1848-1850,Works on France I: The Class Struggles in France: 1848-1850,Books,23.0,M9841710,Y, ,Physical
Revolutionary Legacy of Rosa Luxemburg,Revolutionary Legacy of Rosa Luxemburg,Books,25.0,M2338553,Y, ,Physical
History of Philoso...arxist Perspective,History of Philosophy: A Marxist Perspective,Books,29.0,M9850632,Y, ,Physical
Works on France II...ivil War in France,Works on France III: The Civil War in France,Books,23.0,M1454803,Y, ,Physical
Materialism & Empirio-Criticism,Materialism & Empirio-Criticism,Books,36.0,M5974589,Y, ,Physical
The Housing Question,The Housing Question,Books,7.0,M1912939,Y, ,Physical
La Révolution trahie,La Révolution trahie,Books,15.0,M3223574,Y, ,Physical
Histoire de la rév...on russe; volume 1,Histoire de la révolution russe; volume 1,Books,39.0,M9051156,Y, ,Physical
Histoire de la rév...on russe; volume 2,Histoire de la révolution russe; volume 2,Books,39.0,M6764464,Y, ,Physical
Bilan et perspecti...ution permanente?),Bilan et perspectives (Qu'est-ce que la révolution permanente?),Books,10.0,M1809756,Y, ,Physical
Chartist Revolution,Chartist Revolution,Books,30.0,M8970352,Y, ,Physical
Origin of the Fami...erty and the State,Origin of the Family Private Property and the State,Books,24.0,M7867170,Y, ,Physical
L'Impérialisme sta...ême du capitalisme,L'Impérialisme stade suprême du capitalisme,Books,9.6,M5665749,Y, ,Physical
Imperialism: The H...tage of Capitalism,Imperialism: The Highest Stage of Capitalism,Books,18.0,M7790521,Y, ,Physical
Le socialisme en procès,Le socialisme en procès,Books,25.0,M5557591,Y, ,Physical
Rébellion Teamsters,Rébellion Teamsters,Books,25.0,M3603928,Y, ,Physical
L'histoire du trotskysme américain,L'histoire du trotskysme américain,Books,25.0,M8220738,Y, ,Physical
Permanent Revoluti...ults and Prospects,Permanent Revolution and Results and Prospects,Books,29.0,M3820605,Y, ,Physical
First Five Years o...nist International,First Five Years of the Communist International,Books,51.0,M6176791,Y, ,Physical
History of American Trotskyism,History of American Trotskyism,Books,30.0,M5946092,Y, ,Physical
Problems of Everyday Life,Problems of Everyday Life,Books,30.0,M5591512,Y, ,Physical
Marxism and the USA,Marxism and the USA,Books,26.0,M5535944,Y, ,Physical
First World War: A...he Great Slaughter,First World War: A Marxist Analysis of the Great Slaughter,Books,24.0,M4730190,Y, ,Physical
Where is Britain going?,Where is Britain going?,Books,15.0,M8402874,Y, ,Physical
Canadian Bolshevik...st Party of Canada,Canadian Bolsheviks: The Early Years of the Communist Party of Canada,Books,35.0,M2713484,Y, ,Physical
Revolution and Cou...evolution in Spain,Revolution and Counter-Revolution in Spain,Books,30.0,M9494510,Y, ,Physical
Germany 1918-1933:...alism or Barbarism,Germany 1918-1933: Socialism or Barbarism,Books,36.0,M9506079,Y, ,Physical
Spain's Revolution...The Great Betrayal,Spain's Revolution Against Franco: The Great Betrayal,Books,36.0,M9809936,Y, ,Physical
Teamster Rebellion,Teamster Rebellion,Books,25.0,M7601850,Y, ,Physical
What is to be done?,What is to be done?,Books,24.0,M4117210,Y, ,Physical
Permanent Revolution in Latin America,Permanent Revolution in Latin America,Books,36.0,M3001684,Y, ,Physical
State and Revolution,State and Revolution,Books,14.0,M4955194,Y, ,Physical
Revolutionary Philosophy of Marxism,Revolutionary Philosophy of Marxism,Books,38.0,M1455603,Y, ,Physical
Réforme sociale ou révolution?,Réforme sociale ou révolution?,Books,8.0,M7227406,Y, ,Physical
La révolution allemande 1918-1923,La révolution allemande 1918-1923,Books,2.5,M3126321,Y, ,Physical
Les idées de Karl Marx,Les idées de Karl Marx,Books,2.5,M8757071,Y, ,Physical
L'État et la révolution,L'État et la révolution,Books,8.0,M3644011,Y, ,Physical
Understanding Marx's Capital,Understanding Marx's Capital,Books,29.0,M7227824,Y, ,Physical
Unbroken Thread,Unbroken Thread,Books,10.0,M2230590,Y, ,Physical
Third International After Lenin,Third International After Lenin,Books,30.0,M1320309,Y, ,Physical
Struggle for a Proletarian Party,Struggle for a Proletarian Party,Books,30.0,M765091,Y, ,Physical
The Ideas of Karl Marx,The Ideas of Karl Marx,Books,24.0,M5446097,Y, ,Physical
Ted Grant: The Permanent Revolutionary,Ted Grant: The Permanent Revolutionary,Books,30.0,M232555,Y, ,Physical
Ted Grant Writings Volume 2,Ted Grant Writings Volume 2,Books,35.0,M8918792,Y, ,Physical
Ted Grant Writings Volume 1,Ted Grant Writings Volume 1,Books,35.0,M9288709,Y, ,Physical
Stalin,Stalin,Books,60.0,M5680920,Y, ,Physical
Socialism On Trial,Socialism On Trial,Books,25.0,M6582654,Y, ,Physical
Russia: From Revol...Counter-Revolution,Russia: From Revolution to Counter-Revolution,Books,36.0,M2127420,Y, ,Physical
Revolution Betrayed,Revolution Betrayed,Books,30.0,M5377549,Y, ,Physical
Reformism or Revolution,Reformism or Revolution,Books,30.0,M3910998,Y, ,Physical
Reason in Revolt,Reason in Revolt,Books,36.0,M6292933,Y, ,Physical
My Life,My Life,Books,37.0,M5885731,Y, ,Physical
Military Writings,Military Writings,Books,25.0,M7498839,Y, ,Physical
Marxism and Anarchism,Marxism and Anarchism,Books,31.0,M8089054,Y, ,Physical
NEW EDITION - Leni...y Really Stood For,NEW EDITION - Lenin and Trotsky: What They Really Stood For,Books,28.0,M9480430,Y, ,Physical
Kronstadt,Kronstadt,Books,25.0,M4159646,Y, ,Physical
In the Cause of Labour,In the Cause of Labour,Books,36.0,M4905485,Y, ,Physical
In Defence of Marxism,In Defence of Marxism,Books,30.0,M5055484,Y, ,Physical
History of the Rus...evolution Volume 3,History of the Russian Revolution Volume 3,Books,30.0,M6988034,Y, ,Physical
History of the Rus...evolution Volume 2,History of the Russian Revolution Volume 2,Books,30.0,M5109044,Y, ,Physical
History of the Rus...evolution Volume 1,History of the Russian Revolution Volume 1,Books,30.0,M760621,Y, ,Physical
History of the Rus...n to Brest-Litovsk,History of the Russian Revolution to Brest-Litovsk,Books,14.0,M5987693,Y, ,Physical
Germany: From Revo...Counter-Revolution,Germany: From Revolution to Counter-Revolution,Books,15.0,M4796021,Y, ,Physical
Crisis of the French Section [1935-36],Crisis of the French Section [1935-36],Books,30.0,M2883768,Y, ,Physical
Dialectics of Nature,Dialectics of Nature,Books,36.0,M5595757,Y, ,Physical
China: From Perman...Counter Revolution,China: From Permanent Revolution to Counter Revolution,Books,37.0,M5077279,Y, ,Physical
Bolshevism,Bolshevism,Books,40.0,M5894789,Y, ,Physical
Art and Revolution,Art and Revolution,Books,25.0,M3376991,Y, ,Physical
Marxism and Terrorism,Marxism and Terrorism,Books,10.0,M11885,Y, ,Physical
Pragmatism versus Marxism,Pragmatism versus Marxism,Books,30.0,M6512744,Y, ,Physical
Thawra hatta’l nas...ion until Victory!,Thawra hatta’l nasr! – Revolution until Victory!,Books,25.0,M3418615,Y, ,Physical
Manifesto of the R...nist International,Manifesto of the Revolutionary Communist International,Booklets,10.0,M288267,Y, ,Physical
The Fight to Free Palestine,The Fight to Free Palestine,Booklets,10.0,M5295894,Y, ,Physical
Indigenous Struggl...ight for Socialism,Indigenous Struggle and the Fight for Socialism,Booklets,5.0,M441264,Y, ,Physical
Introduction to Dialectical Materialism,Introduction to Dialectical Materialism,Booklets,5.0,M9499900,Y, ,Physical
What is Marxist Economics?,What is Marxist Economics?,Booklets,5.0,M1163586,Y, ,Physical
Climate Crisis and the Marxist Solution,Climate Crisis and the Marxist Solution,Booklets,5.0,M8923372,Y, ,Physical
What is Historical Materialism?,What is Historical Materialism?,Booklets,5.0,M5861713,Y, ,Physical
INTERNAL ONLY RCP Member's Handbook,INTERNAL ONLY RCP Member's Handbook,Booklets,3.0,M6801113,Y, ,Physical
How to Organize Re...d other selections,How to Organize Revolution: The Class the Party and the Leadership and other selections,Booklets,5.0,M5864454,Y, ,Physical
Introduction au marxisme (Collection),Introduction au marxisme (Collection),Booklets,16.0,M1059333,Y, ,Physical
Communism or Mutual Aid?,Communism or Mutual Aid?,Booklets,5.0,M7041350,Y, ,Physical
Rise of Stalinism:...f the Soviet Union,Rise of Stalinism: The degeneration of the Soviet Union,Booklets,5.0,M5493463,Y, ,Physical
How To Win Strikes!,How To Win Strikes!,Booklets,5.0,M7423910,Y, ,Physical
Marxism and the Emancipation of Women,Marxism and the Emancipation of Women,Booklets,5.0,M3013276,Y, ,Physical
Fascism: What it is and how to fight it,Fascism: What it is and how to fight it,Booklets,5.0,M5315725,Y, ,Physical
Manifeste de l'Int...te révolutionnaire,Manifeste de l'Internationale communiste révolutionnaire,Booklets,10.0,M1618311,Y, ,Physical
Louis Riel and the Métis Revolution,Louis Riel and the Métis Revolution,Booklets,5.0,M8234752,Y, ,Physical
Historical Origins...lutionary Marxists,Historical Origins of the Iranian Revolution and the Tasks of the Revolutionary Marxists,Booklets,5.0,M4595640,Y, ,Physical
Reform or Revolution,Reform or Revolution,Booklets,5.0,M7985409,Y, ,Physical
Workers' Control and Nationalization,Workers' Control and Nationalization,Booklets,5.0,M8341979,Y, ,Physical
La libération de l...pective communiste,La libération de la Palestine : Une perspective communiste,Booklets,5.0,M2601574,Y, ,Physical
Marxisme et anarchisme,Marxisme et anarchisme,Booklets,3.6,M5901495,Y, ,Physical
Transitional Progr...cialist Revolution,Transitional Program for Socialist Revolution,Booklets,5.0,M9801636,Y, ,Physical
Socialism: Utopian and Scientific,Socialism: Utopian and Scientific,Booklets,5.0,M652451,Y, ,Physical
What Way Forward f... Cuban Revolution?,What Way Forward for the Cuban Revolution?,Booklets,5.0,M2089549,Y, ,Physical
Manifeste du Parti communiste,Manifeste du Parti communiste,Booklets,2.0,M4880766,Y, ,Physical
La rébellion des Patriotes,La rébellion des Patriotes,Booklets,5.0,M1708904,Y, ,Physical
Manifeste de la CS...nos propres moyens,Manifeste de la CSN : Ne comptons que sur nos propres moyens,Booklets,5.0,M7839415,Y, ,Physical
La lutte des Autoc...pour le socialisme,La lutte des Autochtones et la lutte pour le socialisme,Booklets,8.0,M555193,Y, ,Physical
Lenin and the National Question,Lenin and the National Question,Booklets,5.0,M2511199,Y, ,Physical
What Causes Capitalist Crisis?,What Causes Capitalist Crisis?,Booklets,5.0,M6088710,Y, ,Physical
Black Struggle and...cialist Revolution,Black Struggle and the Socialist Revolution,Booklets,5.0,M1636432,Y, ,Physical
Classe parti et di...ser une révolution,Classe parti et direction : comment organiser une révolution,Booklets,5.0,M6193785,Y, ,Physical
Lénine sur la question nationale,Lénine sur la question nationale,Booklets,5.0,M3536564,Y, ,Physical
Le marxisme et l'émancipation des femmes,Le marxisme et l'émancipation des femmes,Booklets,4.8,M559817,Y, ,Physical
La montée du stali...l'Union soviétique,La montée du stalinisme et la dégénérescence de l'Union soviétique,Booklets,5.0,M2912385,Y, ,Physical
Qu'est ce que le f...ment le combattre?,Qu'est ce que le fascisme et comment le combattre?,Booklets,5.0,M2330101,Y, ,Physical
Introduction au ma...ialisme historique,Introduction au marxisme #2 : Introduction au matérialisme historique,Booklets,5.0,M3436055,Y, ,Physical
Lessons of Chile 1973,Lessons of Chile 1973,Booklets,5.0,M8974320,Y, ,Physical
Salaire prix et profit,Salaire prix et profit,Booklets,5.0,M1554524,Y, ,Physical
Programme of the International,Programme of the International,Booklets,5.0,M6544034,Y, ,Physical
Le Programme de transition,Le Programme de transition,Booklets,5.0,M2145756,Y, ,Physical
Introduction au ma...tion au socialisme,Introduction au marxisme #1 : Introduction au socialisme,Booklets,5.0,M5044206,Y, ,Physical
Introduction au ma...ilosophie marxiste,Introduction au marxisme #4 : Introduction à la philosophie marxiste,Booklets,5.0,M291544,Y, ,Physical
Socialism Made Easy,Socialism Made Easy,Booklets,5.0,M2836554,Y, ,Physical
Introduction au ma...'économie marxiste,Introduction au marxisme #3 : Introduction à l'économie marxiste,Booklets,5.0,M9216850,Y, ,Physical
Socialisme utopiqu...lisme scientifique,Socialisme utopique et socialisme scientifique,Booklets,5.0,M4199434,Y, ,Physical
Historic Significa...lions of 1837-1838,Historic Significance of the Rebellions of 1837-1838,Booklets,5.0,M3361106,Y, ,Physical
The Crimes of British Imperialism,The Crimes of British Imperialism,Booklets,15.0,M789921,Y, ,Physical
Le programme de l'Internationale,Le programme de l'Internationale,Booklets,5.0,M2092119,Y, ,Physical
POUR MEMBRES SEULE...des membres du PCR,POUR MEMBRES SEULEMENT - Guide des membres du PCR,Booklets,3.0,M7134828,Y, ,Physical
Lessons of October,Lessons of October,Booklets,5.0,M1056902,Y, ,Physical
Revolutionary Press,Revolutionary Press,Booklets,5.0,M7280349,Y, ,Physical
IT'S UP TO US! Manifesto of the CSN,IT'S UP TO US! Manifesto of the CSN,Booklets,5.0,M3746155,Y, ,Physical
Révolutions françaises,Révolutions françaises,Booklets,5.0,M8670846,Y, ,Physical
La presse révolutionnaire,La presse révolutionnaire,Booklets,5.0,M2589508,Y, ,Physical
If America Should Go Communist,If America Should Go Communist,Booklets,5.0,M6170006,Y, ,Physical
Songs of Revolutio... Songbook edition),Songs of Revolution (US Songbook edition),Booklets,5.0,M584015,Y, ,Physical
La conception marx... et la révolution),La conception marxiste de L'État (Compléments à L'État et la révolution),Booklets,4.0,M269480,Y, ,Physical
Les leçons d'Octobre,Les leçons d'Octobre,Booklets,4.0,M2398012,Y, ,Physical
Chostakovitch : La...a révolution russe,Chostakovitch : La conscience musicale de la révolution russe,Booklets,5.0,M8062835,Y, ,Physical
Beethoven : L'homm...le révolutionnaire,Beethoven : L'homme le compositeur le révolutionnaire,Booklets,5.0,M9910811,Y, ,Physical
Textes sur la presse révolutionnaire,Textes sur la presse révolutionnaire,Booklets,20.0,M8526263,Y, ,Physical
La révolution d'Octobre (PDF),La révolution d'Octobre (PDF),Booklets,2.0,M6937607,Y, ,Physical
Marxisme et syndicalisme,Marxisme et syndicalisme,Booklets,5.0,M1688369,Y, ,Physical
Class Struggle and...merican Revolution,Class Struggle and the American Revolution,Booklets,5.0,M3342966,Y, ,Physical
A Communist Histor...ish General Strike,A Communist History of the British General Strike,Booklets,17.0,M9236275,Y, ,Physical
** CR 28,Communist Revolution Issue 28,Communist Revolution,5.0,M7297477,Y, ,Physical
CR 27,Communist Revolution Issue 27,Communist Revolution,5.0,M3929349,Y, ,Physical
CR 26,Communist Revolution Issue 26,Communist Revolution,5.0,M9004305,Y, ,Physical
CR 25,Communist Revolution Issue 25,Communist Revolution,5.0,M6529280,Y, ,Physical
CR 24,Communist Revolution Issue 24,Communist Revolution,5.0,M6470406,Y, ,Physical
CR 23,Communist Revolution Issue 23,Communist Revolution,3.0,M1832798,Y, ,Physical
CR 22,Communist Revolution Issue 22,Communist Revolution,5.0,M4676545,Y, ,Physical
CR 21,Communist Revolution Issue 21,Communist Revolution,5.0,M3159055,Y, ,Physical
CR 20,Communist Revolution Issue 20,Communist Revolution,5.0,M6790716,Y, ,Physical
CR 19,Communist Revolution Issue 19,Communist Revolution,5.0,M4667274,Y, ,Physical
CR 18,Communist Revolution Issue 18,Communist Revolution,3.0,M4392331,Y, ,Physical
CR 17,Communist Revolution Issue 17,Communist Revolution,5.0,M2234199,Y, ,Physical
CR 16 June,Communist Revolution Issue 16 June,Communist Revolution,5.0,M4664732,Y, ,Physical
CR 15 - May,Communist Revolution Issue 15 - May,Communist Revolution,5.0,M9145505,Y, ,Physical
CR 14 - April,Communist Revolution Issue 14 - April,Communist Revolution,5.0,M49063,Y, ,Physical
CR 13 - March,Communist Revolution Issue 13 - March,Communist Revolution,5.0,M3989721,Y, ,Physical
CR 12 - February,Communist Revolution Issue 12 - February,Communist Revolution,5.0,M5098107,Y, ,Physical
CR 11 - December,Communist Revolution Issue 11 - December,Communist Revolution,5.0,M5841322,Y, ,Physical
CR 10 - November,Communist Revolution Issue 10 - November,Communist Revolution,5.0,M706153,Y, ,Physical
CR 9 - October,Communist Revolution Issue 9 - October,Communist Revolution,5.0,M6992409,Y, ,Physical
CR 8 - September,Communist Revolution Issue 8 - September,Communist Revolution,5.0,M408452,Y, ,Physical
CR 7 - July/August 2024,Communist Revolution Issue 7 - July/August 2024,Communist Revolution,5.0,M6564771,Y, ,Physical
CR 6 - June 2024,Communist Revolution Issue 6 - June 2024,Communist Revolution,5.0,M8434399,Y, ,Physical
CR 5 - May 2024,Communist Revolution Issue 5 - May 2024,Communist Revolution,5.0,M2368577,Y, ,Physical
CR 4 - Apr 2024,Communist Revolution Issue 4 - Apr 2024,Communist Revolution,5.0,M6935233,Y, ,Physical
CR 3 - Mar 2024,Communist Revolution Issue 3 - Mar 2024,Communist Revolution,5.0,M4803997,Y, ,Physical
CR 2 - Feb 2024,Communist Revolution Issue 2 - Feb 2024,Communist Revolution,5.0,M4457574,Y, ,Physical
CR 1 - Jan 2024,Communist Revolution Issue 1 - Jan 2024,Communist Revolution,5.0,M1011780,Y, ,Physical
